first_name,last_name,email,phone_number
John,Doe,johndoe@example.com,+44 1234 567 890
Jane,Smith,janesmith@example.com,+44 9876 543 210
Emily,Davis,emilydavis@example.com,+44 1112 223 333
Michael,Johnson,michaeljohnson@example.com,+44 4445 556 666
Sarah,Williams,sarahwilliams@example.com,+44 7778 889 999
William,Brown,williambrown@example.com,+44 1010 102 103
Elizabeth,Jones,elizabethjones@example.com,+44 2020 303 404
James,Garcia,jamesgarcia@example.com,+44 5050 606 707
Patricia,Martin,patriciamartin@example.com,+44 8080 909 010
Robert,Thompson,robertthompson@example.com,+44 2121 313 414
Linda,White,lindawhite@example.com,+44 5151 616 717
Thomas,Harris,thomasharris@example.com,+44 8181 919 020